timestamp,equipment_id,pressure_bar,temperature_c,vibration_mm_s,flow_rate_l_min,status,alert
2026-09-09 14:29:43,VALVE-001,69.75,66.68,1.9,81.87,NORMAL,No abnormal condition detected
2026-09-09 14:29:49,VALVE-001,68.01,63.58,1.5,94.56,NORMAL,No abnormal condition detected
2026-09-09 14:29:54,VALVE-001,73.9,48.47,2.08,84.59,NORMAL,No abnormal condition detected
2026-09-09 14:30:00,VALVE-001,63.61,64.14,1.41,84.5,NORMAL,No abnormal condition detected
2026-09-09 14:30:05,VALVE-001,74.21,53.02,1.94,93.3,NORMAL,No abnormal condition detected
2026-09-09 14:30:11,VALVE-001,70.55,69.16,1.93,86.03,NORMAL,No abnormal condition detected
2026-09-09 14:30:16,VALVE-001,68.01,61.47,1.71,83.93,NORMAL,No abnormal condition detected
2026-09-09 14:30:22,VALVE-001,72.13,64.63,2.16,86.3,NORMAL,No abnormal condition detected
2026-09-09 14:30:27,VALVE-001,73.03,60.71,1.84,85.62,NORMAL,No abnormal condition detected
2026-09-09 14:30:33,VALVE-001,86.19,77.4,3.96,72.92,WARNING,Pressure approaching limit + Temperature approaching limit + Flow rate approaching limit
2026-09-09 14:30:38,VALVE-001,75.83,70.24,2.03,80.19,NORMAL,No abnormal condition detected
2026-09-09 14:30:44,VALVE-001,101.81,83.52,5.69,62.49,CRITICAL,High pressure + High temperature + High vibration + Low flow rate
2026-09-09 14:30:51,VALVE-001,80.0,64.5,2.03,72.98,WARNING,Flow rate approaching limit
2026-09-09 14:30:56,VALVE-001,70.71,66.16,1.26,95.68,NORMAL,No abnormal condition detected
2026-09-09 14:31:02,VALVE-001,83.97,70.86,2.49,87.2,NORMAL,No abnormal condition detected
2026-09-09 14:31:07,VALVE-001,71.21,55.17,1.76,83.84,NORMAL,No abnormal condition detected
2026-09-09 14:31:13,VALVE-001,71.84,59.5,2.51,89.56,NORMAL,No abnormal condition detected
2026-09-09 14:31:19,VALVE-001,71.17,65.49,2.46,86.73,NORMAL,No abnormal condition detected
2026-09-09 14:31:24,VALVE-001,75.85,58.91,3.21,87.6,NORMAL,No abnormal condition detected
2026-09-09 14:31:29,VALVE-001,70.16,66.16,2.29,83.8,NORMAL,No abnormal condition detected
2026-09-09 14:31:35,VALVE-001,70.84,51.99,1.8,79.8,NORMAL,No abnormal condition detected
2026-09-09 14:31:41,VALVE-001,68.93,71.57,1.77,87.49,NORMAL,No abnormal condition detected
2026-09-09 14:31:46,VALVE-001,72.4,66.75,2.99,85.55,NORMAL,No abnormal condition detected
2026-09-09 14:31:51,VALVE-001,61.11,65.39,2.69,81.34,NORMAL,No abnormal condition detected
2026-09-09 14:31:57,VALVE-001,87.57,76.67,3.89,74.42,WARNING,Pressure approaching limit + Temperature approaching limit + Flow rate approaching limit
2026-09-09 14:32:02,VALVE-001,69.02,70.05,2.34,88.38,NORMAL,No abnormal condition detected
2026-09-09 14:32:08,VALVE-001,77.79,63.07,1.35,92.77,NORMAL,No abnormal condition detected
2026-09-09 14:32:13,VALVE-001,66.96,64.7,2.37,81.25,NORMAL,No abnormal condition detected
2026-09-09 14:32:19,VALVE-001,78.88,65.23,1.51,77.5,NORMAL,No abnormal condition detected
2026-09-09 14:32:24,VALVE-001,70.62,63.59,2.23,94.98,NORMAL,No abnormal condition detected
2026-09-09 14:32:29,VALVE-001,64.19,63.23,2.17,82.43,NORMAL,No abnormal condition detected
2026-09-09 14:32:35,VALVE-001,73.53,66.57,2.01,84.44,NORMAL,No abnormal condition detected
2026-09-09 14:32:40,VALVE-001,81.25,66.6,2.5,85.21,NORMAL,No abnormal condition detected
2026-09-09 14:32:46,VALVE-001,74.41,65.47,2.07,86.77,NORMAL,No abnormal condition detected
2026-09-09 14:32:51,VALVE-001,70.46,61.47,1.96,83.34,NORMAL,No abnormal condition detected
2026-09-09 14:32:57,VALVE-001,77.34,63.8,2.26,79.22,NORMAL,No abnormal condition detected
2026-09-09 14:33:02,VALVE-001,70.27,60.01,2.26,81.42,NORMAL,No abnormal condition detected
2026-09-09 14:33:08,VALVE-001,74.54,69.05,1.86,85.45,NORMAL,No abnormal condition detected
2026-09-09 14:33:13,VALVE-001,68.12,66.53,2.65,82.39,NORMAL,No abnormal condition detected
2026-09-09 14:33:19,VALVE-001,71.4,65.27,2.19,79.93,NORMAL,No abnormal condition detected
2026-09-09 14:33:24,VALVE-001,92.95,72.72,4.36,72.75,WARNING,Pressure approaching limit + Vibration approaching limit + Flow rate approaching limit
2026-09-09 14:33:29,VALVE-001,79.26,63.04,3.13,83.42,NORMAL,No abnormal condition detected
2026-09-09 14:33:35,VALVE-001,70.42,68.74,2.36,81.8,NORMAL,No abnormal condition detected
2026-09-09 14:33:41,VALVE-001,68.18,62.29,2.16,77.18,NORMAL,No abnormal condition detected
2026-09-09 14:33:46,VALVE-001,87.11,76.53,3.45,72.88,WARNING,Pressure approaching limit + Temperature approaching limit + Flow rate approaching limit
2026-09-09 14:33:52,VALVE-001,83.1,59.87,2.65,80.44,NORMAL,No abnormal condition detected
2026-09-09 14:33:57,VALVE-001,89.42,78.55,3.69,74.93,WARNING,Pressure approaching limit + Temperature approaching limit + Flow rate approaching limit
2026-09-09 14:34:03,VALVE-001,69.32,72.59,2.23,82.98,NORMAL,No abnormal condition detected
2026-09-09 14:34:08,VALVE-001,66.42,67.94,2.66,86.73,NORMAL,No abnormal condition detected
2026-09-09 14:34:14,VALVE-001,72.5,60.49,2.89,84.96,NORMAL,No abnormal condition detected
2026-09-09 14:34:19,VALVE-001,69.01,61.91,2.06,91.52,NORMAL,No abnormal condition detected
2026-09-09 14:34:25,VALVE-001,72.21,64.3,2.48,85.92,NORMAL,No abnormal condition detected
2026-09-09 14:34:31,VALVE-001,76.85,65.8,3.14,87.25,NORMAL,No abnormal condition detected
2026-09-09 14:34:36,VALVE-001,72.84,65.37,2.06,81.2,NORMAL,No abnormal condition detected
2026-09-09 14:34:42,VALVE-001,85.99,80.57,3.54,68.6,CRITICAL,High temperature
2026-09-09 14:34:47,VALVE-001,87.87,75.8,3.9,73.23,WARNING,Pressure approaching limit + Temperature approaching limit + Flow rate approaching limit
2026-09-09 14:34:53,VALVE-001,89.4,77.0,3.65,68.64,WARNING,Pressure approaching limit + Temperature approaching limit + Flow rate approaching limit
2026-09-09 14:34:59,VALVE-001,67.22,70.04,1.86,95.25,NORMAL,No abnormal condition detected
2026-09-09 14:35:04,VALVE-001,69.57,64.21,2.38,94.32,NORMAL,No abnormal condition detected
2026-09-09 14:35:10,VALVE-001,71.12,60.3,2.65,86.41,NORMAL,No abnormal condition detected
2026-09-09 14:35:16,VALVE-001,74.4,66.82,2.4,82.8,NORMAL,No abnormal condition detected
2026-09-09 14:35:21,VALVE-001,72.29,65.63,2.23,92.08,NORMAL,No abnormal condition detected
2026-09-09 14:35:26,VALVE-001,75.26,67.39,2.99,82.17,NORMAL,No abnormal condition detected
2026-09-09 14:35:32,VALVE-001,66.44,59.53,2.12,80.43,NORMAL,No abnormal condition detected
2026-09-09 14:35:37,VALVE-001,73.27,58.96,3.3,80.76,NORMAL,No abnormal condition detected
2026-09-09 14:35:43,VALVE-001,86.99,77.13,3.91,74.44,WARNING,Pressure approaching limit + Temperature approaching limit + Flow rate approaching limit
2026-09-09 14:35:48,VALVE-001,79.36,61.31,2.55,73.44,WARNING,Flow rate approaching limit
2026-09-09 14:35:54,VALVE-001,71.16,59.33,2.61,84.47,NORMAL,No abnormal condition detected
2026-09-09 14:35:59,VALVE-001,74.45,66.6,2.0,86.33,NORMAL,No abnormal condition detected
2026-09-09 14:36:05,VALVE-001,70.74,60.01,1.75,80.3,NORMAL,No abnormal condition detected
2026-09-09 14:36:10,VALVE-001,70.85,67.42,2.06,77.45,NORMAL,No abnormal condition detected
2026-09-09 14:36:16,VALVE-001,60.89,69.01,2.89,79.89,NORMAL,No abnormal condition detected
2026-09-09 14:36:21,VALVE-001,76.82,60.53,3.1,86.46,NORMAL,No abnormal condition detected
2026-09-09 14:36:27,VALVE-001,73.67,64.5,2.93,91.3,NORMAL,No abnormal condition detected
2026-09-09 14:36:32,VALVE-001,67.05,70.39,1.01,81.19,NORMAL,No abnormal condition detected
2026-09-09 14:36:38,VALVE-001,62.86,68.25,2.06,90.32,NORMAL,No abnormal condition detected
2026-09-09 14:36:43,VALVE-001,72.54,61.6,2.69,89.32,NORMAL,No abnormal condition detected
2026-09-09 14:36:48,VALVE-001,69.41,62.35,2.63,82.45,NORMAL,No abnormal condition detected
2026-09-09 14:36:54,VALVE-001,75.62,58.01,1.91,82.59,NORMAL,No abnormal condition detected
2026-09-09 14:36:59,VALVE-001,77.83,65.74,2.47,97.72,NORMAL,No abnormal condition detected
2026-09-09 14:37:05,VALVE-001,84.55,77.78,4.35,70.97,WARNING,Temperature approaching limit + Vibration approaching limit + Flow rate approaching limit
2026-09-09 14:37:11,VALVE-001,86.98,76.93,4.05,72.58,WARNING,Pressure approaching limit + Temperature approaching limit + Vibration approaching limit + Flow rate approaching limit
2026-09-09 14:37:16,VALVE-001,70.58,63.46,0.9,91.17,NORMAL,No abnormal condition detected
2026-09-09 14:37:22,VALVE-001,69.04,62.11,2.23,83.28,NORMAL,No abnormal condition detected
2026-09-09 14:37:27,VALVE-001,77.06,67.83,2.24,84.61,NORMAL,No abnormal condition detected
2026-09-09 14:37:33,VALVE-001,68.94,64.64,2.03,93.31,NORMAL,No abnormal condition detected
2026-09-09 14:37:39,VALVE-001,78.16,62.48,2.23,86.12,NORMAL,No abnormal condition detected
2026-09-09 14:37:45,VALVE-001,72.6,69.91,1.79,86.45,NORMAL,No abnormal condition detected
2026-09-09 14:37:51,VALVE-001,74.98,65.43,2.28,86.04,NORMAL,No abnormal condition detected
2026-09-09 14:37:56,VALVE-001,69.48,63.77,1.8,91.0,NORMAL,No abnormal condition detected
2026-09-09 14:38:02,VALVE-001,99.32,82.71,5.8,62.9,CRITICAL,High pressure + High temperature + High vibration + Low flow rate
2026-09-09 14:38:07,VALVE-001,64.07,63.69,2.28,84.51,NORMAL,No abnormal condition detected
2026-09-09 14:38:13,VALVE-001,74.94,68.33,2.04,85.81,NORMAL,No abnormal condition detected
2026-09-09 14:38:18,VALVE-001,69.37,66.14,1.98,81.62,NORMAL,No abnormal condition detected
2026-09-09 14:38:24,VALVE-001,87.22,75.59,3.86,72.07,WARNING,Pressure approaching limit + Temperature approaching limit + Flow rate approaching limit
2026-09-09 14:38:29,VALVE-001,79.05,59.55,2.66,82.5,NORMAL,No abnormal condition detected
2026-09-09 14:38:34,VALVE-001,72.79,74.25,1.4,86.48,NORMAL,No abnormal condition detected
2026-09-09 14:38:40,VALVE-001,69.69,71.17,2.49,93.34,NORMAL,No abnormal condition detected
2026-09-09 14:38:45,VALVE-001,67.89,68.43,2.84,92.31,NORMAL,No abnormal condition detected
2026-09-16 21:20:51,VALVE-001,89.24,79.14,3.68,72.36,WARNING,Pressure approaching limit + Temperature approaching limit + Flow rate approaching limit
2026-09-16 21:20:57,VALVE-001,78.92,60.85,1.99,86.48,NORMAL,No abnormal condition detected
2026-09-16 21:21:03,VALVE-001,78.76,59.76,2.51,86.62,NORMAL,No abnormal condition detected
2026-09-16 21:21:09,VALVE-001,71.88,66.84,1.83,84.38,NORMAL,No abnormal condition detected
2026-09-16 21:21:14,VALVE-001,100.17,80.62,5.07,63.9,CRITICAL,High pressure + High temperature + High vibration + Low flow rate
2026-09-16 21:21:20,VALVE-001,87.49,72.39,3.96,70.95,WARNING,Pressure approaching limit + Flow rate approaching limit
2026-09-16 21:21:25,VALVE-001,71.75,61.85,1.94,85.99,NORMAL,No abnormal condition detected
2026-09-16 21:21:30,VALVE-001,70.22,64.91,2.3,80.64,NORMAL,No abnormal condition detected
2026-09-16 21:21:36,VALVE-001,71.18,58.75,2.55,97.62,NORMAL,No abnormal condition detected
2026-09-16 21:21:42,VALVE-001,79.02,66.96,2.88,83.05,NORMAL,No abnormal condition detected
2026-09-16 21:21:47,VALVE-001,80.56,63.62,2.99,87.91,NORMAL,No abnormal condition detected
2026-09-16 21:21:53,VALVE-001,68.38,60.55,2.79,82.03,NORMAL,No abnormal condition detected
2026-09-16 21:21:59,VALVE-001,73.38,69.78,2.91,92.64,NORMAL,No abnormal condition detected
2026-09-16 21:22:04,VALVE-001,68.77,65.34,2.79,90.88,NORMAL,No abnormal condition detected
2026-09-16 21:22:10,VALVE-001,78.03,58.28,1.67,87.65,NORMAL,No abnormal condition detected
2026-09-16 21:22:15,VALVE-001,75.37,65.42,1.82,86.01,NORMAL,No abnormal condition detected
2026-09-16 21:22:21,VALVE-001,68.11,61.44,1.69,80.56,NORMAL,No abnormal condition detected
2026-09-16 21:22:27,VALVE-001,69.99,67.46,2.22,85.21,NORMAL,No abnormal condition detected
2026-09-16 21:22:32,VALVE-001,78.56,65.83,2.15,80.09,NORMAL,No abnormal condition detected
2026-09-16 21:59:24,VALVE-001,74.85,64.78,2.98,85.9,NORMAL,No abnormal condition detected
2026-09-16 21:59:30,VALVE-001,71.38,68.25,1.37,84.15,NORMAL,No abnormal condition detected
2026-09-16 21:59:36,VALVE-001,72.34,63.02,3.04,87.07,NORMAL,No abnormal condition detected
2026-09-22 12:55:52,VALVE-001,70.47,62.21,1.77,86.76,NORMAL
2026-09-22 12:55:57,VALVE-001,66.7,66.37,2.93,83.93,NORMAL
2026-09-22 12:56:03,VALVE-001,50.73,72.97,2.98,78.51,NORMAL
2026-09-22 12:56:08,VALVE-001,70.35,66.8,4.01,77.0,WARNING
2026-09-22 12:56:14,VALVE-001,78.03,75.59,3.22,82.68,WARNING
2026-09-22 12:56:20,VALVE-001,73.86,65.51,2.67,90.67,NORMAL
2026-09-22 12:56:25,VALVE-001,67.07,69.14,3.76,85.64,NORMAL
2026-09-22 12:56:30,VALVE-001,70.4,62.76,2.52,82.95,NORMAL
2026-09-22 12:56:36,VALVE-001,63.26,60.17,2.34,88.72,NORMAL
2026-09-22 12:56:41,VALVE-001,87.23,77.81,1.05,100.63,WARNING
2026-09-22 12:56:47,VALVE-001,71.15,60.0,2.19,86.9,NORMAL
2026-09-22 12:56:52,VALVE-001,68.67,67.0,2.28,82.48,NORMAL
2026-09-22 12:56:58,VALVE-001,78.48,66.78,3.41,96.04,NORMAL
2026-09-22 12:57:03,VALVE-001,79.91,63.69,2.5,78.74,NORMAL
2026-09-22 12:57:09,VALVE-001,68.97,74.86,2.18,82.56,NORMAL
2026-09-22 12:57:14,VALVE-001,76.18,63.16,2.98,90.48,NORMAL
2026-09-22 12:57:19,VALVE-001,65.18,49.66,1.62,89.87,NORMAL
2026-09-22 12:57:25,VALVE-001,69.03,47.98,2.52,86.75,NORMAL
2026-09-22 12:57:30,VALVE-001,73.09,58.73,1.43,75.89,NORMAL
2026-09-22 13:27:49,VALVE-001,58.07,73.65,2.54,74.52,WARNING
2026-09-22 13:27:55,VALVE-001,80.84,67.75,1.29,83.46,NORMAL
2026-09-22 13:28:00,VALVE-001,77.01,54.44,2.65,82.43,NORMAL
2026-09-22 13:28:06,VALVE-001,69.71,75.73,4.77,77.29,WARNING
2026-09-22 13:28:11,VALVE-001,63.25,72.06,1.81,91.05,NORMAL
2026-09-22 13:28:17,VALVE-001,75.88,73.73,1.78,78.34,NORMAL
2026-09-22 13:28:22,VALVE-001,76.98,68.13,3.27,86.82,NORMAL
2026-09-22 13:28:28,VALVE-001,74.5,54.04,1.6,96.83,NORMAL
2026-09-22 13:28:33,VALVE-001,72.95,57.6,2.41,105.53,NORMAL
2026-09-22 13:28:38,VALVE-001,72.59,56.49,2.7,85.91,NORMAL
2026-09-22 13:28:44,VALVE-001,70.64,52.84,2.63,95.92,NORMAL
2026-09-22 13:28:50,VALVE-001,74.78,71.15,1.89,85.01,NORMAL
2026-09-22 13:28:55,VALVE-001,70.18,78.89,1.08,80.04,WARNING
2026-09-22 13:29:01,VALVE-001,65.65,59.89,2.21,83.19,NORMAL
2026-09-22 13:29:06,VALVE-001,65.77,59.59,1.93,85.53,NORMAL
2026-09-22 13:46:53,VALVE-001,69.39,55.42,3.44,76.44,NORMAL
2026-09-22 13:46:59,VALVE-001,70.64,68.91,1.47,89.24,NORMAL
2026-09-22 13:47:05,VALVE-001,64.06,66.33,3.64,96.29,NORMAL
2026-09-22 13:47:10,VALVE-001,61.6,61.87,2.46,73.3,WARNING
2026-09-22 13:47:15,VALVE-001,76.41,60.76,1.78,78.22,NORMAL
2026-09-22 13:47:21,VALVE-001,73.18,69.97,2.61,80.47,NORMAL
2026-09-22 13:47:26,VALVE-001,74.92,63.79,3.54,97.86,NORMAL
2026-09-22 13:47:32,VALVE-001,71.0,58.69,2.45,90.7,NORMAL
2026-09-22 13:47:37,VALVE-001,67.06,59.49,2.29,79.49,NORMAL
2026-09-22 13:47:42,VALVE-001,86.05,67.13,3.12,90.32,WARNING
2026-09-22 13:47:48,VALVE-001,71.25,63.47,1.6,83.46,NORMAL
2026-09-22 13:47:53,VALVE-001,66.91,80.99,1.74,92.0,CRITICAL
2026-09-22 13:47:59,VALVE-001,77.95,72.99,1.84,84.6,NORMAL
2026-09-22 13:48:05,VALVE-001,73.06,68.27,1.81,75.05,NORMAL
2026-09-22 13:48:10,VALVE-001,71.7,56.82,2.44,78.46,NORMAL
2026-09-22 13:48:16,VALVE-001,81.05,61.57,2.6,86.03,NORMAL
2026-09-22 13:48:21,VALVE-001,64.59,60.57,1.25,92.17,NORMAL
2026-09-22 13:48:27,VALVE-001,69.59,75.52,2.73,91.56,WARNING
2026-09-22 13:48:32,VALVE-001,63.4,53.3,2.3,84.75,NORMAL
2026-09-22 13:48:38,VALVE-001,64.67,58.02,2.26,87.37,NORMAL
2026-09-22 13:48:43,VALVE-001,60.84,67.8,0,86.59,NORMAL
2026-09-22 13:48:49,VALVE-001,84.92,55.2,3.58,87.49,NORMAL
2026-09-22 13:48:54,VALVE-001,66.85,72.71,1.82,91.3,NORMAL
2026-09-22 13:49:00,VALVE-001,65.33,72.69,1.82,85.03,NORMAL
2026-09-22 13:49:05,VALVE-001,73.01,69.14,2.73,89.79,NORMAL
2026-09-22 13:49:11,VALVE-001,73.47,62.96,1.85,95.39,NORMAL
2026-09-22 13:49:16,VALVE-001,63.31,69.65,1.16,77.29,NORMAL
2026-09-22 13:49:21,VALVE-001,71.48,70.77,1.66,91.29,NORMAL
2026-09-22 13:49:27,VALVE-001,71.0,70.05,1.23,82.08,NORMAL
2026-09-22 13:49:32,VALVE-001,79.96,61.53,2.71,86.0,NORMAL
2026-09-22 13:49:38,VALVE-001,74.32,63.36,2.11,86.64,NORMAL
2026-09-22 13:49:43,VALVE-001,73.34,52.99,2.67,90.9,NORMAL
2026-09-22 13:49:48,VALVE-001,67.16,81.82,2.17,83.74,CRITICAL
2026-09-22 13:49:54,VALVE-001,79.87,63.82,1.99,84.67,NORMAL
2026-09-22 13:49:59,VALVE-001,71.01,55.92,0.93,93.74,NORMAL
2026-09-22 13:50:05,VALVE-001,74.74,70.37,2.04,93.74,NORMAL
2026-09-22 13:50:10,VALVE-001,69.36,64.77,1.61,79.92,NORMAL
2026-09-22 13:50:16,VALVE-001,68.67,72.35,1.01,97.32,NORMAL
2026-09-22 13:50:21,VALVE-001,78.86,53.7,2.13,75.23,NORMAL
2026-09-22 13:50:27,VALVE-001,70.95,76.03,3.03,84.85,WARNING
2026-09-22 13:50:32,VALVE-001,72.74,63.02,3.74,95.79,NORMAL
2026-09-22 13:50:37,VALVE-001,74.29,71.35,1.97,85.87,NORMAL
2026-09-22 13:50:43,VALVE-001,79.95,65.68,1.67,84.16,NORMAL
2026-09-22 13:50:48,VALVE-001,66.64,59.18,2.88,82.34,NORMAL
2026-09-22 13:50:54,VALVE-001,75.38,70.82,1.1,92.12,NORMAL
2026-09-22 13:50:59,VALVE-001,74.43,75.49,2.5,87.58,WARNING
2026-09-22 13:51:04,VALVE-001,62.62,61.09,1.6,72.17,WARNING
2026-09-22 13:51:10,VALVE-001,64.48,60.2,2.28,90.68,NORMAL
2026-09-22 13:51:15,VALVE-001,82.2,71.96,1.24,86.95,NORMAL
2026-09-22 13:51:21,VALVE-001,73.26,59.79,1.76,65.81,WARNING
2026-09-22 13:54:20,VALVE-001,63.13,68.75,1.84,89.42,NORMAL
2026-09-22 13:54:26,VALVE-001,79.86,68.27,1.56,96.49,NORMAL
2026-09-22 13:54:31,VALVE-001,73.56,71.79,2.41,86.8,NORMAL
2026-09-22 13:54:36,VALVE-001,77.68,63.99,2.83,76.87,NORMAL
2026-09-22 13:54:42,VALVE-001,66.9,66.21,1.76,78.53,NORMAL
2026-09-22 13:54:47,VALVE-001,69.06,61.23,2.25,79.67,NORMAL
2026-09-22 13:54:53,VALVE-001,66.59,58.54,2.93,83.99,NORMAL
2026-09-22 14:00:41,VALVE-001,72.64,64.9,2.26,88.82,NORMAL
2026-09-22 14:00:46,VALVE-001,71.82,65.57,3.02,77.49,NORMAL
2026-09-22 14:00:52,VALVE-001,59.69,72.83,1.48,82.39,NORMAL
2026-09-22 14:00:57,VALVE-001,61.99,65.51,1.48,99.2,NORMAL
2026-09-22 14:01:02,VALVE-001,70.23,50.96,1.46,85.84,NORMAL
2026-09-22 14:01:08,VALVE-001,72.22,64.22,1.17,102.26,NORMAL
2026-09-22 14:01:13,VALVE-001,70.86,58.76,2.82,88.95,NORMAL
2026-09-22 14:01:19,VALVE-001,67.56,66.11,2.03,73.58,WARNING
2026-09-22 14:01:24,VALVE-001,73.33,70.65,2.33,74.54,WARNING
2026-09-22 14:01:30,VALVE-001,64.35,68.99,2.7,91.0,NORMAL
2026-09-22 14:01:35,VALVE-001,59.25,68.23,2.39,90.53,NORMAL
2026-09-22 14:01:40,VALVE-001,72.76,61.74,1.78,90.48,NORMAL
2026-09-22 14:01:46,VALVE-001,69.77,73.96,1.99,81.73,NORMAL
2026-09-22 14:01:51,VALVE-001,74.25,62.28,0.37,79.35,NORMAL
2026-09-22 14:01:57,VALVE-001,61.93,66.57,2.75,78.28,NORMAL
2026-09-22 14:02:02,VALVE-001,57.14,58.17,1.52,90.71,NORMAL
2026-09-22 14:02:08,VALVE-001,71.31,54.77,2.81,69.77,WARNING
2026-09-22 14:02:13,VALVE-001,83.43,77.44,1.99,91.78,WARNING
2026-09-22 14:02:19,VALVE-001,67.6,62.41,1.13,88.13,NORMAL
2026-09-22 14:02:24,VALVE-001,68.72,60.59,2.38,97.89,NORMAL
2026-09-22 14:02:30,VALVE-001,73.99,55.01,2.75,88.16,NORMAL
2026-09-22 14:02:35,VALVE-001,73.96,59.63,3.1,89.75,NORMAL
2026-09-22 14:02:41,VALVE-001,70.32,57.3,2.88,88.45,NORMAL
2026-09-22 14:02:47,VALVE-001,72.75,70.37,3.08,85.56,NORMAL
2026-09-22 14:02:52,VALVE-001,59.43,66.26,2.99,64.68,CRITICAL
2026-09-22 14:02:57,VALVE-001,71.79,74.01,0.65,85.53,NORMAL
2026-09-22 14:03:03,VALVE-001,77.19,72.24,3.49,87.23,NORMAL
2026-09-22 14:03:11,VALVE-001,68.12,70.08,1.47,105.69,NORMAL
2026-09-22 14:03:16,VALVE-001,63.8,60.06,4.06,74.15,WARNING
2026-09-22 14:03:22,VALVE-001,63.04,66.92,4.7,80.17,WARNING
2026-09-22 14:03:27,VALVE-001,75.84,57.94,1.61,78.64,NORMAL
2026-09-22 14:03:33,VALVE-001,83.23,68.3,2.2,88.62,NORMAL
2026-09-22 14:03:38,VALVE-001,77.75,63.63,2.67,76.58,NORMAL
2026-09-22 14:03:44,VALVE-001,74.98,75.45,1.71,88.19,WARNING
2026-09-22 14:03:49,VALVE-001,66.55,64.38,3.2,100.47,NORMAL
2026-09-22 14:03:55,VALVE-001,65.1,81.55,1.93,80.29,CRITICAL
2026-09-22 14:04:00,VALVE-001,83.19,70.6,1.77,96.25,NORMAL
2026-09-22 14:04:06,VALVE-001,75.31,67.9,2.81,83.06,NORMAL
2026-09-22 14:04:11,VALVE-001,72.51,74.2,2.55,87.57,NORMAL
2026-09-22 14:04:17,VALVE-001,77.02,60.97,1.4,91.61,NORMAL
2026-09-22 14:04:22,VALVE-001,68.44,65.82,4.26,92.36,WARNING
2026-09-22 14:04:28,VALVE-001,76.71,62.07,4.13,87.39,WARNING
2026-09-22 14:04:34,VALVE-001,73.49,54.22,2.91,82.21,NORMAL
2026-09-22 14:04:40,VALVE-001,77.23,58.59,2.85,87.51,NORMAL
2026-09-22 14:04:46,VALVE-001,65.13,59.17,2.73,78.33,NORMAL
2026-09-22 20:07:20,VALVE-001,71.1,72.94,2.61,90.86,NORMAL
2026-09-22 20:07:26,VALVE-001,75.56,61.45,2.01,88.22,NORMAL
2026-09-22 20:07:31,VALVE-001,73.37,61.0,3.21,67.5,WARNING
2026-09-22 20:07:37,VALVE-001,71.25,54.97,1.37,82.58,NORMAL
2026-09-22 20:07:42,VALVE-001,75.58,63.52,3.46,85.37,NORMAL
2026-09-22 20:07:48,VALVE-001,73.21,61.36,1.72,82.97,NORMAL
2026-09-22 20:07:53,VALVE-001,62.2,72.73,1.76,86.32,NORMAL
2026-09-22 20:07:59,VALVE-001,80.46,74.01,1.56,85.75,NORMAL
2026-09-22 20:08:05,VALVE-001,61.29,72.16,2.58,76.93,NORMAL
2026-09-22 20:08:10,VALVE-001,71.41,64.69,1.3,85.44,NORMAL
2026-09-22 20:08:16,VALVE-001,66.71,63.75,3.28,86.21,NORMAL
2026-09-22 20:08:21,VALVE-001,57.67,60.41,2.3,72.66,WARNING
2026-09-22 20:08:27,VALVE-001,78.87,71.43,2.84,103.5,NORMAL
2026-09-22 20:08:32,VALVE-001,80.08,70.24,1.32,78.81,NORMAL
2026-09-22 20:08:38,VALVE-001,65.64,72.68,2.96,91.18,NORMAL
2026-09-22 20:08:43,VALVE-001,72.96,47.08,0,81.96,NORMAL
2026-09-22 20:08:49,VALVE-001,68.5,55.18,1.92,96.57,NORMAL
2026-09-22 20:08:55,VALVE-001,69.19,62.59,1.94,86.76,NORMAL
2026-09-22 20:09:00,VALVE-001,64.89,69.01,1.79,92.54,NORMAL
2026-09-22 20:09:06,VALVE-001,83.26,59.1,1.96,80.91,NORMAL
2026-09-22 20:09:11,VALVE-001,66.87,75.39,1.82,96.39,WARNING
2026-09-22 20:09:17,VALVE-001,57.19,67.81,3.07,92.4,NORMAL
2026-09-22 20:09:22,VALVE-001,79.78,74.66,2.94,93.87,NORMAL
2026-09-22 20:09:28,VALVE-001,78.75,58.07,3.24,93.03,NORMAL
2026-09-22 20:09:33,VALVE-001,79.63,61.25,1.44,76.56,NORMAL
2026-09-22 20:09:39,VALVE-001,78.93,65.74,0.86,75.71,NORMAL
2026-09-22 20:09:44,VALVE-001,56.89,65.0,2.59,90.38,NORMAL
2026-09-22 20:16:00,VALVE-001,68.53,71.55,2.94,75.17,NORMAL
2026-09-22 20:16:07,VALVE-001,77.25,58.22,1.1,90.07,NORMAL
2026-09-22 20:16:12,VALVE-001,74.29,57.59,2.05,76.98,NORMAL
2026-09-22 20:16:18,VALVE-001,70.66,62.86,2.35,85.82,NORMAL
2026-09-22 20:16:24,VALVE-001,81.02,78.94,3.74,84.57,WARNING
2026-09-22 20:16:30,VALVE-001,73.02,68.42,1.61,86.98,NORMAL
2026-09-22 20:16:36,VALVE-001,66.05,52.16,0.91,91.97,NORMAL
2026-09-22 20:16:41,VALVE-001,76.66,53.76,2.16,82.73,NORMAL
2026-09-22 20:16:47,VALVE-001,71.15,54.37,1.94,82.1,NORMAL
2026-09-22 20:16:52,VALVE-001,80.89,70.5,2.05,88.64,NORMAL
2026-09-22 20:16:57,VALVE-001,66.91,56.31,1.24,88.43,NORMAL
2026-09-22 20:17:03,VALVE-001,73.57,68.8,3.51,74.08,WARNING
2026-09-22 20:17:08,VALVE-001,63.91,59.6,3.24,82.93,NORMAL
2026-09-22 20:17:14,VALVE-001,63.54,57.72,2.17,85.19,NORMAL
2026-09-22 20:17:19,VALVE-001,77.72,57.56,1.03,86.85,NORMAL
2026-09-22 20:17:25,VALVE-001,78.01,65.41,1.97,85.99,NORMAL
2026-09-22 20:17:30,VALVE-001,64.2,60.52,2.91,100.18,NORMAL
2026-09-22 20:17:36,VALVE-001,80.8,60.26,2.3,82.09,NORMAL
2026-09-22 20:17:41,VALVE-001,78.06,65.63,2.83,86.05,NORMAL
2026-09-22 20:17:47,VALVE-001,68.31,59.45,1.61,71.91,WARNING
2026-09-22 20:17:53,VALVE-001,77.93,65.09,2.98,77.76,NORMAL
2026-09-22 20:17:58,VALVE-001,73.45,76.67,1.84,102.45,WARNING
2026-09-22 20:18:03,VALVE-001,70.86,69.38,2.57,89.72,NORMAL
2026-09-22 20:18:09,VALVE-001,69.71,69.29,2.57,94.42,NORMAL
2026-09-22 20:18:14,VALVE-001,50.38,60.9,2.21,90.41,NORMAL
2026-09-22 20:18:20,VALVE-001,58.71,64.02,1.39,93.39,NORMAL
2026-09-22 20:18:26,VALVE-001,86.52,71.66,2.27,77.73,WARNING
2026-09-22 20:18:32,VALVE-001,78.34,58.96,3.3,83.23,NORMAL
